{
  "timestamp": "2025-10-25T00:57:04.918Z",
  "nodeVersion": "v24.10.0",
  "platform": "linux",
  "totalTests": 4,
  "passedTests": 4,
  "failedTests": 0,
  "totalExecutionTime": 10091.060479,
  "results": [
    {
      "name": "pagination-1000-changes",
      "passed": true,
      "executionTime": 121.84713380000001,
      "memoryUsage": 5047217.6,
      "metrics": {
        "executionTime": 121.84713380000001,
        "memoryBefore": {
          "heapUsed": 4936489.6,
          "heapTotal": 7925760,
          "external": 1909633,
          "rss": 53632204.8,
          "heapUsedPercent": 62.284116602067186,
          "timestamp": 1761353815638
        },
        "memoryAfter": {
          "heapUsed": 5018035.2,
          "heapTotal": 7925760,
          "external": 1909633,
          "rss": 53658419.2,
          "heapUsedPercent": 63.31298449612403,
          "timestamp": 1761353815638
        },
        "peakMemory": {
          "heapUsed": 5047217.6,
          "heapTotal": 7296614.4,
          "external": 1909633,
          "rss": 53160345.6,
          "heapUsedPercent": 69.48723055253527,
          "timestamp": 1761353815638
        },
        "itemsProcessed": 1200,
        "itemsPerSecond": 10424.421382322264,
        "memoryPerItem": 67.95466666666667,
        "customMetrics": {}
      }
    },
    {
      "name": "streaming-100mb",
      "passed": true,
      "executionTime": 1773.2256063333334,
      "memoryUsage": 5675864,
      "metrics": {
        "executionTime": 1773.2256063333334,
        "memoryBefore": {
          "heapUsed": 5442786.666666667,
          "heapTotal": 8187904,
          "external": 1876868,
          "rss": 55240021.333333336,
          "heapUsedPercent": 66.4735036789228,
          "timestamp": 1761353822797
        },
        "memoryAfter": {
          "heapUsed": 5328634.666666667,
          "heapTotal": 8187904,
          "external": 1876868,
          "rss": 57346730.666666664,
          "heapUsedPercent": 65.07934957061865,
          "timestamp": 1761353822797
        },
        "peakMemory": {
          "heapUsed": 5675864,
          "heapTotal": 8187904,
          "external": 1876868,
          "rss": 55283712,
          "heapUsedPercent": 69.32010927338669,
          "timestamp": 1761353822797
        },
        "itemsProcessed": 100,
        "itemsPerSecond": 56.39510606804371,
        "memoryPerItem": -1141.5200000000002,
        "customMetrics": {}
      }
    },
    {
      "name": "concurrency-10-requests",
      "passed": true,
      "executionTime": 121.93272450000022,
      "memoryUsage": 0,
      "metrics": {
        "totalTime": 205.58113700000104,
        "avgTime": 121.93272450000022,
        "maxTime": 205.41452000000027,
        "executionTimes": [
          135.9253320000007,
          138.01687999999922,
          148.17586500000107,
          125.71670600000107,
          124.54891300000054,
          83.05008300000009,
          71.43345599999884,
          79.78873600000043,
          107.256754,
          205.41452000000027
        ]
      }
    },
    {
      "name": "memory-efficiency",
      "passed": true,
      "executionTime": 0,
      "memoryUsage": -583440,
      "metrics": {
        "initialMemory": {
          "rss": 61603840,
          "heapTotal": 8187904,
          "heapUsed": 5206320,
          "external": 1876868,
          "arrayBuffers": 10519
        },
        "finalMemory": {
          "rss": 173539328,
          "heapTotal": 75034624,
          "heapUsed": 4622880,
          "external": 1876832,
          "arrayBuffers": 10483
        },
        "memoryGrowth": -583440
      }
    }
  ],
  "summary": {
    "paginationPerformance": true,
    "streamingPerformance": true,
    "concurrencyPerformance": true,
    "memoryEfficiency": true
  }
}